continent,country,population,day,time,cases_new,cases_active,cases_critical,cases_recovered,cases_1M_pop,cases_total,deaths_new,deaths_1M_pop,deaths_total,tests_1M_pop,tests_total
Africa,Saint-Helena,6115.0,2023-12-14,2023-12-14T06:45:06+00:00,0,2164.0,0.0,2.0,354211,2166,0,0,0.0,0,0.0
South-America,Falkland-Islands,3539.0,2023-12-14,2023-12-14T06:45:06+00:00,0,0.0,0.0,1930.0,545352,1930,0,0,0.0,2439107,8632.0
North-America,Montserrat,4965.0,2023-12-14,2023-12-14T06:45:06+00:00,0,19.0,0.0,1376.0,282578,1403,0,1611,8.0,3577442,17762.0
0,Diamond-Princess,0.0,2023-12-14,2023-12-14T06:45:06+00:00,0,0.0,0.0,699.0,0,712,0,0,13.0,0,0.0
Europe,Vatican-City,799.0,2023-12-14,2023-12-14T06:45:06+00:00,0,0.0,0.0,29.0,36295,29,0,0,0.0,0,0.0
Africa,Western-Sahara,626161.0,2023-12-14,2023-12-14T06:45:06+00:00,0,0.0,0.0,9.0,16,10,0,2,1.0,0,0.0
0,MS-Zaandam,0.0,2023-12-14,2023-12-14T06:45:06+00:00,0,0.0,0.0,7.0,0,9,0,0,2.0,0,0.0
Asia,China,1448471400.0,2023-12-14,2023-12-14T06:45:06+00:00,0,118977.0,0.0,379053.0,347,503302,0,4,5272.0,110461,160000000.0
Oceania,Wallis-and-Futuna,10982.0,2023-12-14,2023-12-14T06:45:06+00:00,0,3104.0,0.0,438.0,323256,3550,0,728,8.0,1867419,20508.0
Oceania,Tokelau,1378.0,2023-12-14,2023-12-14T06:45:06+00:00,0,80.0,0.0,0.0,58055,80,0,0,0.0,0,0.0
North-America,Saint-Pierre-Miquelon,5759.0,2023-12-14,2023-12-14T06:45:06+00:00,0,1001.0,0.0,2449.0,599410,3452,0,347,2.0,4410488,25400.0
Oceania,Tuvalu,12066.0,2023-12-14,2023-12-14T06:45:06+00:00,0,0.0,0.0,0.0,243909,2943,0,83,1.0,0,0.0
Oceania,Niue,1622.0,2023-12-14,2023-12-14T06:45:06+00:00,+2,8.0,0.0,896.0,557337,904,0,0,0.0,0,0.0
North-America,Cura&ccedil;ao,165529.0,2023-12-14,2023-12-14T06:45:05+00:00,0,971.0,3.0,44720.0,277812,45986,0,1782,295.0,3000640,496693.0
Europe,Isle-of-Man,85732.0,2023-12-14,2023-12-14T06:45:05+00:00,0,0.0,0.0,0.0,443335,38008,0,1353,116.0,1758422,150753.0
North-America,Cayman-Islands,67277.0,2023-12-14,2023-12-14T06:45:05+00:00,0,22882.0,1.0,8553.0,467797,31472,0,550,37.0,3311280,222773.0
Africa,Congo,5797805.0,2023-12-14,2023-12-14T06:45:05+00:00,0,983.0,0.0,24006.0,4377,25375,0,67,386.0,59991,347815.0
North-America,Nicaragua,6779100.0,2023-12-14,2023-12-14T06:45:05+00:00,0,14041.0,0.0,4225.0,2728,18491,0,33,225.0,0,0.0
Asia,Tajikistan,9957464.0,2023-12-14,2023-12-14T06:45:05+00:00,0,397.0,0.0,17264.0,1786,17786,0,13,125.0,0,0.0
Africa,Djibouti,1016097.0,2023-12-14,2023-12-14T06:45:05+00:00,0,74.0,0.0,15427.0,15441,15690,0,186,189.0,301094,305941.0
Africa,CAR,5016678.0,2023-12-14,2023-12-14T06:45:05+00:00,0,55.0,2.0,15200.0,3063,15368,0,23,113.0,16205,81294.0
North-America,Greenland,56973.0,2023-12-14,2023-12-14T06:45:05+00:00,0,9189.0,4.0,2761.0,210117,11971,0,369,21.0,2894810,164926.0
Africa,Eritrea,3662244.0,2023-12-14,2023-12-14T06:45:05+00:00,0,0.0,0.0,10086.0,2782,10189,0,28,103.0,6470,23693.0
Africa,Niger,26083660.0,2023-12-14,2023-12-14T06:45:05+00:00,0,729.0,1.0,8890.0,381,9931,0,12,312.0,9759,254538.0
South-America,French-Guiana,314169.0,2023-12-14,2023-12-14T06:45:05+00:00,+13,86367.0,6.0,11254.0,312065,98041,0,1337,420.0,2072951,651257.0
Africa,Equatorial-Guinea,1496662.0,2023-12-14,2023-12-14T06:45:05+00:00,+7,139.0,5.0,16907.0,11512,17229,0,122,183.0,244342,365697.0
Africa,Liberia,5305117.0,2023-12-14,2023-12-14T06:45:05+00:00,0,12.0,2.0,7783.0,1525,8090,0,56,295.0,26356,139824.0
Oceania,Nauru,10903.0,2023-12-14,2023-12-14T06:45:05+00:00,0,45.0,0.0,5347.0,494635,5393,0,92,1.0,1881042,20509.0
North-America,Caribbean-Netherlands,26647.0,2023-12-14,2023-12-14T06:45:05+00:00,+3,1168.0,0.0,10476.0,438398,11682,0,1426,38.0,1130559,30126.0
Africa,Somalia,16841795.0,2023-12-14,2023-12-14T06:45:05+00:00,+10,12791.0,0.0,13182.0,1623,27334,0,81,1361.0,23778,400466.0
North-America,Bermuda,61939.0,2023-12-14,2023-12-14T06:45:05+00:00,+11,10.0,0.0,18685.0,304493,18860,+2,2664,165.0,16622128,1029558.0
Africa,Gambia,2558482.0,2023-12-14,2023-12-14T06:45:05+00:00,+28,65.0,0.0,12189.0,4935,12626,0,145,372.0,60851,155686.0
Africa,Mayotte,286259.0,2023-12-14,2023-12-14T06:45:05+00:00,+19,0.0,0.0,0.0,146815,42027,0,657,188.0,618038,176919.0
North-America,Grenada,113475.0,2023-12-14,2023-12-14T06:45:05+00:00,+10,97.0,4.0,19358.0,173545,19693,0,2097,238.0,1612523,182981.0
North-America,Bahamas,400516.0,2023-12-14,2023-12-14T06:45:05+00:00,0,874.0,1.0,36366.0,95087,38084,0,2107,844.0,643767,257839.0
Africa,Comoros,907419.0,2023-12-14,2023-12-14T06:45:05+00:00,0,9.0,0.0,8939.0,10038,9109,0,177,161.0,0,0.0
Africa,Guinea-Bissau,2063367.0,2023-12-14,2023-12-14T06:45:05+00:00,0,508.0,6.0,8929.0,4659,9614,0,86,177.0,70385,145231.0
Africa,Chad,17413580.0,2023-12-14,2023-12-14T06:45:05+00:00,0,2633.0,0.0,4874.0,442,7701,0,11,194.0,10988,191341.0
Oceania,Vanuatu,321832.0,2023-12-14,2023-12-14T06:45:05+00:00,0,29.0,0.0,11976.0,37346,12019,0,44,14.0,77606,24976.0
North-America,Sint-Maarten,43966.0,2023-12-14,2023-12-14T06:45:05+00:00,0,54.0,0.0,10905.0,251353,11051,0,2093,92.0,1411454,62056.0
North-America,St-Barth,9945.0,2023-12-14,2023-12-14T06:45:05+00:00,0,0.0,0.0,0.0,553746,5507,0,603,6.0,7908095,78646.0
Oceania,Fiji,909466.0,2023-12-14,2023-12-14T06:45:05+00:00,0,1006.0,0.0,67226.0,75997,69117,0,973,885.0,739866,672883.0
North-America,Saint-Kitts-and-Nevis,53871.0,2023-12-14,2023-12-14T06:45:05+00:00,0,0.0,0.0,6559.0,122645,6607,0,891,48.0,2356704,126958.0
South-America,Suriname,596831.0,2023-12-14,2023-12-14T06:45:05+00:00,0,0.0,0.0,0.0,138378,82588,0,2359,1408.0,405822,242207.0
Asia,Timor-Leste,1369429.0,2023-12-14,2023-12-14T06:45:05+00:00,0,220.0,0.0,23102.0,17131,23460,0,101,138.0,203391,278529.0
North-America,Aruba,107609.0,2023-12-14,2023-12-14T06:45:05+00:00,0,1494.0,2.0,42438.0,410969,44224,0,2714,292.0,1653068,177885.0
Oceania,Kiribati,123419.0,2023-12-14,2023-12-14T06:45:05+00:00,0,2358.0,3.0,2703.0,41201,5085,0,194,24.0,0,0.0
Africa,Sudan,45992020.0,2023-12-14,2023-12-14T06:45:05+00:00,0,0.0,0.0,58947.0,1391,63993,0,110,5046.0,12240,562941.0
Asia,Syria,19364809.0,2023-12-14,2023-12-14T06:45:05+00:00,+7,0.0,0.0,54578.0,2982,57743,0,163,3165.0,7553,146269.0
Asia,Bhutan,787941.0,2023-12-14,2023-12-14T06:45:05+00:00,+3,1112.0,0.0,61564.0,79571,62697,0,27,21.0,2923739,2303734.0
Africa,Benin,12784726.0,2023-12-14,2023-12-14T06:45:05+00:00,0,26.0,0.0,27847.0,2193,28036,0,13,163.0,47268,604310.0
Africa,Sierra-Leone,8306436.0,2023-12-14,2023-12-14T06:45:05+00:00,0,0.0,0.0,0.0,935,7766,0,15,126.0,31296,259958.0
Oceania,Marshall-Islands,60057.0,2023-12-14,2023-12-14T06:45:05+00:00,0,0.0,0.0,16121.0,268711,16138,0,283,17.0,0,0.0
Africa,Mauritius,1274727.0,2023-12-14,2023-12-14T06:45:05+00:00,0,696.0,0.0,41278.0,33752,43025,0,824,1051.0,281374,358675.0
Africa,Burundi,12624840.0,2023-12-14,2023-12-14T06:45:05+00:00,0,1114.0,0.0,53569.0,4334,54721,0,3,38.0,27386,345742.0
Africa,Mali,21473764.0,2023-12-14,2023-12-14T06:45:05+00:00,0,87.0,0.0,32332.0,1544,33162,0,35,743.0,37483,804909.0
Africa,Cabo-Verde,567678.0,2023-12-14,2023-12-14T06:45:05+00:00,0,305.0,23.0,63755.0,113580,64477,0,735,417.0,707482,401622.0
Africa,Togo,8680837.0,2023-12-14,2023-12-14T06:45:05+00:00,0,25.0,0.0,39216.0,4554,39531,0,33,290.0,93641,812881.0
Oceania,Palau,18233.0,2023-12-14,2023-12-14T06:45:05+00:00,+1,1.0,0.0,6239.0,342730,6249,0,494,9.0,3891077,70946.0
Oceania,New-Caledonia,290915.0,2023-12-14,2023-12-14T06:45:05+00:00,0,0.0,0.0,0.0,275214,80064,0,1079,314.0,340182,98964.0
Oceania,Papua-New-Guinea,9292169.0,2023-12-14,2023-12-14T06:45:05+00:00,0,26.0,0.0,46168.0,5043,46864,0,72,670.0,26813,249149.0
Europe,Gibraltar,33704.0,2023-12-14,2023-12-14T06:45:05+00:00,0,0.0,0.0,0.0,609720,20550,0,3353,113.0,15852213,534283.0
North-America,Saint-Martin,39730.0,2023-12-14,2023-12-14T06:45:05+00:00,0,0.0,0.0,0.0,310194,12324,0,1586,63.0,2828643,112382.0
Asia,Yemen,31154867.0,2023-12-14,2023-12-14T06:45:05+00:00,0,662.0,0.0,9124.0,383,11945,0,69,2159.0,10579,329592.0
North-America,Anguilla,15230.0,2023-12-14,2023-12-14T06:45:05+00:00,0,0.0,0.0,0.0,256336,3904,0,788,12.0,3373736,51382.0
Europe,Andorra,77463.0,2023-12-14,2023-12-14T06:45:05+00:00,0,0.0,0.0,0.0,619844,48015,0,2130,165.0,3225256,249838.0
Europe,Faeroe-Islands,49233.0,2023-12-14,2023-12-14T06:45:05+00:00,0,0.0,0.0,0.0,703959,34658,0,569,28.0,15802409,778000.0
Oceania,Micronesia,117489.0,2023-12-14,2023-12-14T06:45:05+00:00,0,0.0,0.0,0.0,225953,26547,0,553,65.0,701598,82430.0
North-America,Antigua-and-Barbuda,99509.0,2023-12-14,2023-12-14T06:45:05+00:00,0,6.0,0.0,8954.0,91509,9106,0,1467,146.0,189943,18901.0
Oceania,Solomon-Islands,721159.0,2023-12-14,2023-12-14T06:45:05+00:00,0,0.0,0.0,0.0,35989,25954,0,276,199.0,0,0.0
Europe,Liechtenstein,38387.0,2023-12-14,2023-12-14T06:45:05+00:00,0,0.0,0.0,0.0,560763,21526,0,2449,94.0,2929559,112457.0
Africa,Gabon,2331533.0,2023-12-14,2023-12-14T06:45:05+00:00,0,65.0,0.0,48674.0,21036,49046,0,132,307.0,695641,1621909.0
North-America,Belize,412190.0,2023-12-14,2023-12-14T06:45:05+00:00,0,0.0,0.0,0.0,173156,71373,0,1669,688.0,1397453,576016.0
North-America,Dominica,72344.0,2023-12-14,2023-12-14T06:45:05+00:00,0,0.0,0.0,15953.0,221539,16027,0,1023,74.0,3170187,229344.0
Europe,San-Marino,34085.0,2023-12-14,2023-12-14T06:45:05+00:00,0,406.0,0.0,24760.0,742027,25292,0,3697,126.0,5775414,196855.0
Europe,Monaco,39783.0,2023-12-14,2023-12-14T06:45:05+00:00,0,0.0,0.0,0.0,431868,17181,0,1684,67.0,1976875,78646.0
Africa,Malawi,20180839.0,2023-12-14,2023-12-14T06:45:05+00:00,0,0.0,0.0,0.0,4415,89089,0,133,2686.0,30959,624784.0
Africa,Senegal,17653671.0,2023-12-14,2023-12-14T06:45:05+00:00,0,30.0,0.0,87024.0,5043,89025,0,112,1971.0,64946,1146543.0
Africa,Ivory-Coast,27742298.0,2023-12-14,2023-12-14T06:45:05+00:00,0,22.0,0.0,87497.0,3185,88354,0,30,835.0,60951,1690934.0
Oceania,French-Polynesia,284164.0,2023-12-14,2023-12-14T06:45:05+00:00,0,0.0,0.0,0.0,276953,78700,0,2284,649.0,0,0.0
North-America,British-Virgin-Islands,30596.0,2023-12-14,2023-12-14T06:45:05+00:00,0,0.0,0.0,0.0,241600,7392,0,2092,64.0,3508269,107339.0
Oceania,Cook-Islands,17571.0,2023-12-14,2023-12-14T06:45:05+00:00,0,22.0,0.0,7150.0,408286,7174,0,114,2.0,1120596,19690.0
South-America,Guyana,794045.0,2023-12-14,2023-12-14T06:45:05+00:00,0,361.0,0.0,72013.0,92782,73673,0,1636,1299.0,923396,733218.0
Africa,Madagascar,29178077.0,2023-12-14,2023-12-14T06:45:05+00:00,0,98.0,0.0,66862.0,2344,68386,0,49,1426.0,18210,531329.0
Africa,Mauritania,4901981.0,2023-12-14,2023-12-14T06:45:05+00:00,0,309.0,0.0,62471.0,13010,63777,0,203,997.0,206030,1009957.0
Africa,Tanzania,63298550.0,2023-12-14,2023-12-14T06:45:05+00:00,0,0.0,0.0,0.0,681,43087,0,13,846.0,0,0.0
Africa,Guinea,13865691.0,2023-12-14,2023-12-14T06:45:05+00:00,0,344.0,0.0,37757.0,2782,38569,0,34,468.0,47607,660107.0
Africa,Eswatini,1184817.0,2023-12-14,2023-12-14T06:45:05+00:00,0,623.0,0.0,73116.0,63441,75166,0,1204,1427.0,885119,1048704.0
Africa,Burkina-Faso,22102838.0,2023-12-14,2023-12-14T06:45:05+00:00,0,99.0,0.0,21596.0,1000,22093,0,18,398.0,11265,248995.0
Africa,South-Sudan,11618511.0,2023-12-14,2023-12-14T06:45:05+00:00,0,342.0,1.0,18115.0,1600,18595,0,12,138.0,35313,410280.0
Oceania,Tonga,107749.0,2023-12-14,2023-12-14T06:45:05+00:00,0,1237.0,0.0,15638.0,156735,16888,0,121,13.0,4965327,535009.0
North-America,St-Vincent-Grenadines,111551.0,2023-12-14,2023-12-14T06:45:05+00:00,0,57.0,0.0,9493.0,86723,9674,0,1112,124.0,1023720,114197.0
Asia,Macao,667490.0,2023-12-14,2023-12-14T06:45:05+00:00,+41,16605.0,0.0,3487.0,30285,20215,0,184,123.0,11760,7850.0
Africa,Lesotho,2175699.0,2023-12-14,2023-12-14T06:45:05+00:00,0,9133.0,0.0,25980.0,16471,35836,0,332,723.0,198199,431221.0
North-America,Haiti,11680283.0,2023-12-14,2023-12-14T06:45:05+00:00,0,261.0,0.0,33372.0,2953,34493,0,74,860.0,11337,132422.0
Oceania,Samoa,202239.0,2023-12-14,2023-12-14T06:45:05+00:00,0,15207.0,0.0,1605.0,83283,16843,0,153,31.0,926612,187397.0
Africa,Sao-Tome-and-Principe,227679.0,2023-12-14,2023-12-14T06:45:05+00:00,+10,1.0,0.0,6657.0,29594,6738,0,351,80.0,129450,29473.0
Africa,Seychelles,99426.0,2023-12-14,2023-12-14T06:45:05+00:00,0,0.0,0.0,50886.0,513528,51058,0,1730,172.0,0,0.0
North-America,Saint-Lucia,185113.0,2023-12-14,2023-12-14T06:45:05+00:00,0,0.0,0.0,29799.0,163192,30209,0,2215,410.0,1139752,210983.0
North-America,Turks-and-Caicos,39741.0,2023-12-14,2023-12-14T06:45:05+00:00,0,1.0,4.0,6656.0,168516,6697,0,1007,40.0,15480889,615226.0
Europe,Belarus,9432800.0,2023-12-14,2023-12-14T06:45:04+00:00,0,1327.0,0.0,985592.0,105381,994037,0,755,7118.0,1446722,13646641.0
Europe,Channel-Islands,176463.0,2023-12-14,2023-12-14T06:45:04+00:00,+91,168.0,0.0,101321.0,576421,101717,0,1292,228.0,7099551,1252808.0
Europe,Albania,2866374.0,2023-12-14,2023-12-14T06:45:04+00:00,+12,1696.0,0.0,329428.0,116777,334726,0,1257,3602.0,677173,1941032.0
South-America,Venezuela,29266991.0,2023-12-14,2023-12-14T06:45:04+00:00,+10,302.0,31.0,546537.0,18885,552695,0,200,5856.0,114771,3359014.0
Asia,Kazakhstan,19205043.0,2023-12-14,2023-12-14T06:45:04+00:00,+63,14963.0,24.0,1383020.0,73514,1411831,0,721,13848.0,602707,11575012.0
Africa,Egypt,106156692.0,2023-12-14,2023-12-14T06:45:04+00:00,0,49228.0,122.0,442182.0,4861,516023,0,232,24613.0,34792,3693367.0
Asia,Uzbekistan,34382084.0,2023-12-14,2023-12-14T06:45:04+00:00,+136,10539.0,23.0,241486.0,7378,253662,0,48,1637.0,40077,1377915.0
Asia,Kyrgyzstan,6728271.0,2023-12-14,2023-12-14T06:45:04+00:00,+7,7500.0,131.0,196406.0,30750,206897,0,445,2991.0,283460,1907195.0
Asia,Qatar,2979915.0,2023-12-14,2023-12-14T06:45:04+00:00,+28,147.0,16.0,513687.0,172664,514524,0,232,690.0,1364257,4065369.0
Asia,Maldives,540985.0,2023-12-14,2023-12-14T06:45:04+00:00,0,22691.0,25.0,163687.0,345100,186694,0,584,316.0,4092223,2213831.0
North-America,Dominican-Republic,11056370.0,2023-12-14,2023-12-14T06:45:04+00:00,0,139.0,4.0,666104.0,60655,670627,0,397,4384.0,338350,3740928.0
Asia,Lebanon,6684849.0,2023-12-14,2023-12-14T06:45:04+00:00,+3934,145299.0,74.0,1087587.0,186068,1243838,+5,1638,10952.0,717380,4795578.0
North-America,Barbados,288023.0,2023-12-14,2023-12-14T06:45:04+00:00,0,947.0,0.0,108647.0,382730,110235,0,2226,641.0,2813827,810447.0
Africa,Libya,7040745.0,2023-12-14,2023-12-14T06:45:04+00:00,+4,2.0,0.0,500835.0,72048,507274,0,914,6437.0,352782,2483848.0
Africa,Rwanda,13600464.0,2023-12-14,2023-12-14T06:45:04+00:00,0,11.0,0.0,132039.0,9817,133518,0,108,1468.0,442778,6021981.0
North-America,Panama,4446964.0,2023-12-14,2023-12-14T06:45:04+00:00,0,155.0,16.0,1040268.0,235911,1049089,0,1949,8666.0,1756488,7811039.0
Asia,Nepal,30225582.0,2023-12-14,2023-12-14T06:45:04+00:00,0,97.0,0.0,991322.0,33199,1003450,0,398,12031.0,200088,6047766.0
Asia,Pakistan,229488994.0,2023-12-14,2023-12-14T06:45:04+00:00,0,12583.0,0.0,1538689.0,6893,1581936,0,134,30664.0,133292,30589153.0
Europe,Norway,5511370.0,2023-12-14,2023-12-14T06:45:04+00:00,0,0.0,0.0,1483727.0,270252,1489459,0,1040,5732.0,1996315,11002430.0
North-America,Costa-Rica,5182354.0,2023-12-14,2023-12-14T06:45:04+00:00,0,0.0,0.0,0.0,239058,1238883,0,1819,9428.0,899158,4659757.0
Africa,Tunisia,12046656.0,2023-12-14,2023-12-14T06:45:04+00:00,0,0.0,0.0,0.0,95741,1153361,0,2442,29423.0,416164,5013383.0
Asia,Saudi-Arabia,35844909.0,2023-12-14,2023-12-14T06:45:04+00:00,0,0.0,0.0,0.0,23475,841469,0,269,9646.0,1268848,45481735.0
Asia,Cyprus,1223387.0,2023-12-14,2023-12-14T06:45:04+00:00,0,0.0,0.0,659490.0,540184,660854,0,1115,1364.0,7879860,9640118.0
Asia,Palestine,5345541.0,2023-12-14,2023-12-14T06:45:04+00:00,0,159.0,0.0,615445.0,116173,621008,0,1011,5404.0,575907,3078533.0
Asia,Oman,5323993.0,2023-12-14,2023-12-14T06:45:04+00:00,0,0.0,0.0,0.0,75028,399449,0,869,4628.0,4695724,25000000.0
Africa,Kenya,56215221.0,2023-12-14,2023-12-14T06:45:04+00:00,0,1132.0,0.0,337309.0,6122,344130,0,101,5689.0,70569,3967062.0
North-America,Trinidad-and-Tobago,1406585.0,2023-12-14,2023-12-14T06:45:04+00:00,0,28.0,0.0,187078.0,136143,191496,0,3121,4390.0,649295,913289.0
Africa,Uganda,48432863.0,2023-12-14,2023-12-14T06:45:04+00:00,0,67920.0,0.0,100431.0,3551,171983,0,75,3632.0,62198,3012408.0
North-America,Honduras,10221247.0,2023-12-14,2023-12-14T06:45:04+00:00,0,0.0,0.0,0.0,46432,474590,0,1092,11165.0,162472,1660662.0
North-America,Martinique,374087.0,2023-12-14,2023-12-14T06:45:04+00:00,0,0.0,0.0,0.0,615777,230354,0,2946,1102.0,2215870,828928.0
North-America,Guadeloupe,399794.0,2023-12-14,2023-12-14T06:45:04+00:00,0,0.0,0.0,0.0,508349,203235,0,2554,1021.0,2346306,938039.0
Asia,UAE,10081785.0,2023-12-14,2023-12-14T06:45:04+00:00,0,0.0,0.0,0.0,105837,1067030,0,233,2349.0,19910389,200732262.0
Europe,North-Macedonia,2081304.0,2023-12-14,2023-12-14T06:45:04+00:00,0,2842.0,0.0,337068.0,168100,349868,0,4785,9958.0,1069626,2226216.0
Europe,Iceland,345393.0,2023-12-14,2023-12-14T06:45:04+00:00,0,0.0,0.0,0.0,606057,209328,0,663,229.0,5780036,1996384.0
South-America,Paraguay,7305843.0,2023-12-14,2023-12-14T06:45:04+00:00,0,0.0,0.0,0.0,112132,819221,0,2743,20040.0,363751,2657506.0
Europe,Moldova,4013171.0,2023-12-14,2023-12-14T06:45:04+00:00,0,0.0,0.0,0.0,156350,627458,0,3029,12154.0,801437,3216305.0
Asia,Armenia,2971966.0,2023-12-14,2023-12-14T06:45:04+00:00,0,7171.0,0.0,435162.0,151787,451107,0,2952,8774.0,1091164,3242901.0
South-America,Bolivia,11992656.0,2023-12-14,2023-12-14T06:45:04+00:00,0,10570.0,220.0,1177145.0,100905,1210122,0,1868,22407.0,225993,2710261.0
South-America,Uruguay,3496016.0,2023-12-14,2023-12-14T06:45:04+00:00,0,2368.0,18.0,1030944.0,297761,1040976,0,2192,7664.0,1749083,6114822.0
Europe,Croatia,4059286.0,2023-12-14,2023-12-14T06:45:04+00:00,0,396.0,0.0,1258432.0,314673,1277346,0,4562,18518.0,1394355,5660084.0
Asia,Bahrain,1783983.0,2023-12-14,2023-12-14T06:45:04+00:00,0,60.0,0.0,727915.0,408944,729549,0,882,1574.0,6137138,10948549.0
Europe,Montenegro,627950.0,2023-12-14,2023-12-14T06:45:04+00:00,0,271.0,0.0,291794.0,469622,294899,0,4513,2834.0,4403172,2764972.0
Asia,Laos,7481023.0,2023-12-14,2023-12-14T06:45:04+00:00,+2,0.0,0.0,0.0,29261,218901,0,101,758.0,164845,1233207.0
North-America,Cuba,11305652.0,2023-12-14,2023-12-14T06:45:04+00:00,+10,64.0,0.0,1106575.0,98638,1115169,0,754,8530.0,1273216,14394534.0
South-America,Ecuador,18113361.0,2023-12-14,2023-12-14T06:45:04+00:00,0,0.0,0.0,1034078.0,59079,1070121,0,1990,36043.0,170173,3082403.0
Africa,R&eacute;union,908061.0,2023-12-14,2023-12-14T06:45:04+00:00,0,0.0,0.0,0.0,544672,494595,0,1014,921.0,1766027,1603660.0
Africa,Angola,35027343.0,2023-12-14,2023-12-14T06:45:04+00:00,0,647.0,0.0,103419.0,3026,106002,0,55,1936.0,42818,1499795.0
Africa,DRC,95240792.0,2023-12-14,2023-12-14T06:45:04+00:00,0,13269.0,0.0,84489.0,1042,99226,0,15,1468.0,8890,846704.0
Africa,Nigeria,216746934.0,2023-12-14,2023-12-14T06:45:04+00:00,0,4055.0,11.0,259953.0,1233,267163,0,15,3155.0,26339,5708974.0
Africa,Zimbabwe,15331428.0,2023-12-14,2023-12-14T06:45:04+00:00,0,1312.0,12.0,258888.0,17345,265927,0,374,5727.0,164744,2525756.0
Africa,Mozambique,33089461.0,2023-12-14,2023-12-14T06:45:04+00:00,0,2621.0,11.0,228805.0,7062,233676,0,68,2250.0,41437,1371127.0
North-America,El-Salvador,6550389.0,2023-12-14,2023-12-14T06:45:04+00:00,0,18193.0,0.0,179410.0,30812,201833,0,646,4230.0,398467,2610114.0
Africa,Namibia,2633874.0,2023-12-14,2023-12-14T06:45:04+00:00,0,969.0,0.0,167099.0,65368,172170,0,1557,4102.0,403460,1062663.0
Africa,Algeria,45350148.0,2023-12-14,2023-12-14T06:45:04+00:00,0,82055.0,0.0,183061.0,5998,271997,0,152,6881.0,5093,230960.0
Africa,Botswana,2441162.0,2023-12-14,2023-12-14T06:45:04+00:00,0,547.0,1.0,327049.0,135344,330397,0,1147,2801.0,830300,2026898.0
Africa,Ethiopia,120812698.0,2023-12-14,2023-12-14T06:45:04+00:00,0,5342.0,0.0,488171.0,4148,501087,0,63,7574.0,46066,5565340.0
Europe,Bosnia-and-Herzegovina,3249317.0,2023-12-14,2023-12-14T06:45:04+00:00,0,7902.0,0.0,379084.0,124135,403355,0,5038,16369.0,580036,1884721.0
Africa,Zambia,19470234.0,2023-12-14,2023-12-14T06:45:04+00:00,0,3913.0,0.0,341316.0,17940,349298,0,209,4069.0,211244,4112961.0
Africa,Ghana,32395450.0,2023-12-14,2023-12-14T06:45:04+00:00,0,5.0,0.0,170417.0,5306,171884,0,45,1462.0,78451,2541468.0
Africa,Cameroon,27911548.0,2023-12-14,2023-12-14T06:45:04+00:00,0,17.0,0.0,123237.0,4487,125228,0,71,1974.0,62762,1751774.0
Asia,Myanmar,55227143.0,2023-12-14,2023-12-14T06:45:04+00:00,0,1729.0,0.0,620159.0,11614,641383,0,353,19495.0,208236,11500280.0
Europe,Ireland,5020199.0,2023-12-14,2023-12-14T06:45:04+00:00,0,473.0,19.0,1715187.0,343617,1725026,0,1866,9366.0,2606161,13083449.0
North-America,Jamaica,2985094.0,2023-12-14,2023-12-14T06:45:04+00:00,0,0.0,0.0,0.0,52444,156551,0,1227,3664.0,396633,1183986.0
Asia,Sri-Lanka,21575842.0,2023-12-14,2023-12-14T06:45:04+00:00,0,10.0,0.0,655741.0,31176,672639,0,783,16888.0,300619,6486117.0
Asia,Kuwait,4380326.0,2023-12-14,2023-12-14T06:45:04+00:00,0,0.0,0.0,0.0,152166,666538,0,587,2570.0,1930391,8455743.0
Europe,Luxembourg,642371.0,2023-12-14,2023-12-14T06:45:04+00:00,0,0.0,0.0,0.0,600946,386030,0,1918,1232.0,7140959,4587145.0
Asia,Cambodia,17168639.0,2023-12-14,2023-12-14T06:45:04+00:00,+2,7.0,0.0,135900.0,8094,138963,0,178,3056.0,180062,3091420.0
Africa,Morocco,37772756.0,2023-12-14,2023-12-14T06:45:04+00:00,0,0.0,0.0,0.0,33830,1277862,0,431,16297.0,344191,13001033.0
Asia,Brunei,445431.0,2023-12-14,2023-12-14T06:45:04+00:00,0,71907.0,3.0,243601.0,708826,315733,0,505,225.0,1611437,717784.0
Asia,Mongolia,3378078.0,2023-12-14,2023-12-14T06:45:04+00:00,0,0.0,0.0,1009035.0,299377,1011319,0,676,2284.0,1193000,4030048.0
Europe,Bulgaria,6844597.0,2023-12-14,2023-12-14T06:45:04+00:00,0,3138.0,33.0,1288975.0,194426,1330766,0,5647,38653.0,1680474,11502164.0
North-America,Guatemala,18584039.0,2023-12-14,2023-12-14T06:45:04+00:00,0,499.0,5.0,1259444.0,68888,1280212,0,1091,20269.0,408622,7593848.0
Asia,Azerbaijan,10300205.0,2023-12-14,2023-12-14T06:45:04+00:00,0,42.0,0.0,823770.0,80988,834189,0,1007,10377.0,749652,7721568.0
Europe,Estonia,1321910.0,2023-12-14,2023-12-14T06:45:04+00:00,+744,0.0,0.0,0.0,472184,624185,0,2270,3001.0,2848419,3765354.0
Europe,Malta,444033.0,2023-12-14,2023-12-14T06:45:04+00:00,+28,418.0,0.0,119550.0,272128,120834,0,1950,866.0,4862925,2159299.0
Europe,Lithuania,2661708.0,2023-12-14,2023-12-14T06:45:04+00:00,+1391,20420.0,0.0,1342911.0,515888,1373142,0,3686,9811.0,3959997,10540357.0
Europe,Slovenia,2078034.0,2023-12-14,2023-12-14T06:45:04+00:00,+159,1962.0,0.0,1341807.0,650071,1350869,0,3417,7100.0,1370382,2847701.0
Asia,Afghanistan,40754388.0,2023-12-14,2023-12-14T06:45:04+00:00,+134,12886.0,0.0,208872.0,5637,229724,+1,195,7966.0,32934,1342187.0
Europe,Latvia,1848837.0,2023-12-14,2023-12-14T06:45:04+00:00,0,2884.0,0.0,971406.0,530503,980813,0,3528,6523.0,4265272,7885792.0
Europe,Finland,5554960.0,2023-12-14,2023-12-14T06:45:04+00:00,0,4810.0,0.0,1491173.0,271311,1507123,0,2005,11140.0,2179850,12108977.0
Asia,DPRK,25990679.0,2023-12-14,2023-12-14T06:45:03+00:00,0,0.0,0.0,4772739.0,183636,4772813,0,3,74.0,0,0.0
Asia,Jordan,10300869.0,2023-12-14,2023-12-14T06:45:03+00:00,0,1868.0,59.0,1731007.0,169597,1746997,0,1371,14122.0,1669945,17201885.0
Africa,South-Africa,60756135.0,2023-12-14,2023-12-14T06:45:03+00:00,+614,61362.0,192.0,3912506.0,67095,4076463,0,1689,102595.0,441027,26795090.0
Europe,Ukraine,43192122.0,2023-12-14,2023-12-14T06:45:03+00:00,0,0.0,0.0,5445577.0,128681,5557995,0,2603,112418.0,754855,32603805.0
Europe,Spain,46719142.0,2023-12-14,2023-12-14T06:45:03+00:00,+702,30634.0,231.0,13762417.0,297840,13914811,+8,2606,121760.0,10082298,471036328.0
North-America,Mexico,131562772.0,2023-12-14,2023-12-14T06:45:03+00:00,0,414862.0,0.0,6899865.0,58141,7649199,0,2542,334472.0,152124,20013810.0
Asia,Taiwan,23888595.0,2023-12-14,2023-12-14T06:45:03+00:00,0,0.0,0.0,10222518.0,428720,10241523,0,796,19005.0,1286903,30742304.0
Asia,Vietnam,98953541.0,2023-12-14,2023-12-14T06:45:03+00:00,+9,939937.0,0.0,10640971.0,117470,11624114,0,437,43206.0,867342,85826548.0
Asia,Japan,125584838.0,2023-12-14,2023-12-14T06:45:03+00:00,0,0.0,0.0,0.0,269169,33803572,0,595,74694.0,799578,100414883.0
Europe,Austria,9066710.0,2023-12-14,2023-12-14T06:45:03+00:00,0,3811.0,0.0,6054934.0,670727,6081287,0,2486,22542.0,23302116,211273524.0
Europe,Denmark,5834950.0,2023-12-14,2023-12-14T06:45:03+00:00,0,0.0,0.0,3174942.0,545636,3183756,0,1511,8814.0,22165247,129333107.0
Asia,Iraq,42164965.0,2023-12-14,2023-12-14T06:45:03+00:00,0,673.0,0.0,2439497.0,58474,2465545,0,602,25375.0,463523,19544451.0
Europe,France,65584518.0,2023-12-14,2023-12-14T06:45:03+00:00,0,0.0,0.0,39970918.0,612013,40138560,0,2556,167642.0,4139547,271490188.0
Asia,S-Korea,51329899.0,2023-12-14,2023-12-14T06:45:03+00:00,0,0.0,0.0,34535939.0,673523,34571873,0,700,35934.0,307892,15804065.0
Asia,Turkey,85561976.0,2023-12-14,2023-12-14T06:45:03+00:00,0,0.0,0.0,0.0,201399,17232066,0,1194,102174.0,1902052,162743369.0
South-America,Argentina,46010234.0,2023-12-14,2023-12-14T06:45:03+00:00,0,0.0,0.0,9949361.0,219083,10080046,0,2840,130685.0,776264,35716069.0
Asia,Georgia,3968738.0,2023-12-14,2023-12-14T06:45:03+00:00,0,0.0,0.0,0.0,467476,1855289,0,4317,17132.0,4263340,16920079.0
Asia,Israel,9326000.0,2023-12-14,2023-12-14T06:45:03+00:00,0,30592.0,0.0,4798473.0,519169,4841772,0,1363,12707.0,4436346,41373364.0
South-America,Colombia,51512762.0,2023-12-14,2023-12-14T06:45:03+00:00,0,38371.0,342.0,6203441.0,123948,6384891,0,2778,143079.0,717327,36951507.0
Europe,Hungary,9606259.0,2023-12-14,2023-12-14T06:45:03+00:00,0,11958.0,0.0,2152155.0,230370,2212994,0,5088,48881.0,1186160,11394556.0
Europe,Greece,10316637.0,2023-12-14,2023-12-14T06:45:03+00:00,0,0.0,0.0,0.0,591412,6101379,0,3671,37869.0,9909078,102228365.0
South-America,Peru,33684208.0,2023-12-14,2023-12-14T06:45:03+00:00,0,0.0,4.0,4302165.0,134316,4524326,0,6595,222161.0,1158115,39010194.0
Asia,Malaysia,33181072.0,2023-12-14,2023-12-14T06:45:03+00:00,0,15327.0,4.0,5094830.0,155129,5147359,0,1121,37202.0,2066869,68580916.0
Asia,Indonesia,279134505.0,2023-12-14,2023-12-14T06:45:03+00:00,+236,5459.0,0.0,6647104.0,24413,6814484,0,580,161921.0,408975,114158919.0
Asia,Hong-Kong,7604299.0,2023-12-14,2023-12-14T06:45:03+00:00,0,794.0,0.0,2909315.0,384581,2924468,0,1888,14359.0,10011143,76127725.0
Asia,Bangladesh,167885689.0,2023-12-14,2023-12-14T06:45:03+00:00,0,0.0,0.0,0.0,12187,2046090,0,176,29477.0,90862,15254399.0
South-America,Chile,19250195.0,2023-12-14,2023-12-14T06:45:03+00:00,0,2792.0,23.0,5252450.0,276347,5319739,0,3350,64497.0,2617225,50382097.0
Europe,Italy,60262770.0,2023-12-14,2023-12-14T06:45:03+00:00,0,212618.0,219.0,26068983.0,439332,26475343,0,3215,193742.0,4567139,275228417.0
Asia,Iran,86022837.0,2023-12-14,2023-12-14T06:45:03+00:00,0,0.0,0.0,0.0,88636,7624699,0,1706,146724.0,666338,57320267.0
South-America,South-America,0.0,2023-12-14,2023-12-14T06:45:03+00:00,0,1422853.0,8969.0,66578569.0,0,69365002,0,0,1363580.0,0,0.0
South-America,Brazil,215353593.0,2023-12-14,2023-12-14T06:45:03+00:00,0,1149451.0,0.0,36249161.0,176949,38106633,0,3288,708021.0,296146,63776166.0
Europe,Netherlands,17211447.0,2023-12-14,2023-12-14T06:45:03+00:00,0,0.0,0.0,8597059.0,500832,8620051,0,1336,22992.0,1509718,25984435.0
Europe,UK,68497907.0,2023-12-14,2023-12-14T06:45:03+00:00,0,0.0,0.0,24580470.0,362239,24812582,0,3389,232112.0,7628357,522526476.0
Europe,Portugal,10140570.0,2023-12-14,2023-12-14T06:45:03+00:00,0,0.0,61.0,5603927.0,555356,5631629,0,2732,27702.0,4549993,46139518.0
Europe,Germany,83883596.0,2023-12-14,2023-12-14T06:45:03+00:00,+7922,277013.0,0.0,38240600.0,461313,38696556,+84,2133,178943.0,1458359,122332384.0
Asia,Thailand,70078203.0,2023-12-14,2023-12-14T06:45:03+00:00,0,33575.0,0.0,4692636.0,67934,4760712,0,492,34501.0,246450,17270775.0
Oceania,New-Zealand,4898203.0,2023-12-14,2023-12-14T06:45:03+00:00,0,5408.0,0.0,2515522.0,515722,2526109,0,1057,5179.0,1586011,7768604.0
Asia,India,1406631776.0,2023-12-14,2023-12-14T06:45:03+00:00,0,0.0,0.0,0.0,31994,45003341,0,379,533307.0,661721,930797975.0
Europe,Serbia,8653016.0,2023-12-14,2023-12-14T06:45:03+00:00,0,9293.0,0.0,2569079.0,300061,2596429,0,2087,18057.0,1536717,13297238.0
Europe,Belgium,11668278.0,2023-12-14,2023-12-14T06:45:03+00:00,0,6647.0,0.0,4794191.0,414390,4835214,0,2946,34376.0,3172590,37018657.0
Europe,Slovakia,5460193.0,2023-12-14,2023-12-14T06:45:03+00:00,+361,627.0,19.0,1847863.0,342416,1869657,0,3877,21167.0,1364027,7447852.0
Asia,Philippines,112508994.0,2023-12-14,2023-12-14T06:45:03+00:00,+183,3813.0,0.0,4057177.0,36688,4127769,0,594,66779.0,320267,36032964.0
Europe,Russia,145805947.0,2023-12-14,2023-12-14T06:45:03+00:00,+107174,271657.0,0.0,22865282.0,161432,23537803,+148,2749,400864.0,1875095,273400000.0
Europe,Romania,19031335.0,2023-12-14,2023-12-14T06:45:03+00:00,0,1171.0,40.0,3435256.0,184174,3505080,0,3607,68653.0,1489942,28355584.0
Europe,Poland,37739785.0,2023-12-14,2023-12-14T06:45:03+00:00,+3830,0.0,0.0,0.0,174864,6599311,+34,3178,119927.0,1033859,39017615.0
Europe,Czechia,10736784.0,2023-12-14,2023-12-14T06:45:03+00:00,+3026,21961.0,61.0,4656344.0,439748,4721483,+3,4022,43178.0,5358754,57535788.0
North-America,North-America,0.0,2023-12-14,2023-12-14T06:45:03+00:00,0,2703124.0,6762.0,125338599.0,0,129703209,0,0,1661486.0,0,0.0
Asia,Asia,0.0,2023-12-14,2023-12-14T06:45:03+00:00,0,14248803.0,14731.0,205142439.0,0,220943358,0,0,1552116.0,0,0.0
Europe,Europe,0.0,2023-12-14,2023-12-14T06:45:03+00:00,0,4181764.0,4735.0,245680549.0,0,251949565,0,0,2087252.0,0,0.0
Oceania,Oceania,0.0,2023-12-14,2023-12-14T06:45:03+00:00,+1751,130664.0,48.0,14505475.0,0,14667891,0,0,31752.0,0,0.0
Africa,Africa,0.0,2023-12-14,2023-12-14T06:45:03+00:00,0,506769.0,542.0,12089627.0,0,12855253,0,0,258857.0,0,0.0
All,All,0.0,2023-12-14,2023-12-14T06:45:03+00:00,+1751,23193977.0,35787.0,669335964.0,89737,699484999,0,892.3,6955058.0,0,0.0
North-America,USA,334805269.0,2023-12-14,2023-12-14T06:45:03+00:00,0,987576.0,1607.0,107653598.0,328043,109830389,0,3552,1189215.0,3543990,1186546440.0
Oceania,Australia,26068792.0,2023-12-14,2023-12-14T06:45:03+00:00,+1751,0.0,20.0,0.0,449628,11721270,0,908,23671.0,3142326,81916639.0
North-America,Canada,38388419.0,2023-12-14,2023-12-14T06:45:03+00:00,0,33491.0,99.0,4742657.0,125863,4831665,0,1446,55517.0,1732948,66525130.0
Europe,Switzerland,8773637.0,2023-12-14,2023-12-14T06:45:03+00:00,0,6974.0,0.0,4411111.0,505211,4432537,0,1647,14452.0,2716487,23833472.0
Asia,Singapore,5943546.0,2023-12-14,2023-12-14T06:45:03+00:00,0,3156.0,9.0,2733948.0,460842,2739037,0,325,1933.0,4165302,24756666.0
Europe,Sweden,10218971.0,2023-12-14,2023-12-14T06:45:03+00:00,0,8657.0,0.0,2704193.0,268018,2738868,0,2546,26018.0,1908301,19500873.0
